{"_runtime":34.084498,"_step":19,"_wandb":{"runtime":35},"Train Loss":0.6269072485364173,"F1":0.19873501353435347,"_timestamp":1.728461505414356e+09}