{"_step":19,"Train Loss":0.5434996201566071,"_wandb":{"runtime":34},"F1":0,"_timestamp":1.72846142129129e+09,"_runtime":33.670296}