{"_wandb":{"runtime":69},"_step":29,"Train Loss":"0.6131","F1":"0.5155","_timestamp":1.728402279445154e+09,"_runtime":53.861645}