{"Train Loss":0.055067339940607585,"F1":0.9911827518964128,"_timestamp":1.7284154020240672e+09,"Val Loss":2.81660600269542,"ROC":0.5194685828877005,"_wandb":{"runtime":2679},"_runtime":2672.367429,"_step":1636}