{"_wandb":{"runtime":18},"F1":"0.0726","_timestamp":1.7284021266242821e+09,"_runtime":17.866605,"_step":9,"Train Loss":"0.6613"}