{"F1":0,"_timestamp":1.728461362596145e+09,"_runtime":33.711247,"_step":19,"_wandb":{"runtime":34},"Train Loss":0.5494698224988255}