{"Train Loss":0.5479839755053444,"F1":0,"_timestamp":1.728461297459692e+09,"_runtime":33.983149,"_step":19,"_wandb":{"runtime":44}}