{"_timestamp":1.728402387774136e+09,"_runtime":35.877553,"_step":19,"_wandb":{"runtime":51},"Train Loss":0.6472992383744106,"F1":0.019502679595129517}