{"_step":25,"_wandb":{"runtime":36},"Train Loss":0.45668976406317263,"F1":0.9123609532089544,"_timestamp":1.728461464133613e+09,"_runtime":35.384032}