{"_runtime":367.029425,"_step":146,"Val Loss":0.7111170636980158,"ROC":0.5,"_wandb":{"runtime":1286},"Train Loss":0.6338106230270764,"F1":0.18649915443274473,"_timestamp":1.728463009051782e+09}