{"Val Loss":0.7287995254292208,"_step":270,"ROC":0.5,"_timestamp":1.7284626356438642e+09,"Dev ROC":0,"Train Loss":0.46994013568143184,"Mean ROC":0.5,"F1":0.9124533679472673,"_runtime":564.152419,"_wandb":{"runtime":564}}