{"F1":0,"_timestamp":1.728462064425048e+09,"Val Loss":0.5719150224247495,"_wandb":{"runtime":505},"_runtime":505.402434,"_step":210,"Dev ROC":0,"Train Loss":0.5516813452419439,"ROC":0.5,"Mean ROC":0.5}